{"metadata":{"asset_id":"594d53c6-37f2-465c-8adc-60c5167bd605","asset_attributes":["data_asset"],"name":"patientdataV6.csv","asset_type":"data_asset","created_at":"2021-07-10T09:10:55Z","description":"","origin_country":"us","owner_id":"IBMid-6630026S2R","project_id":"00dace7a-bf0c-420d-b18a-5b03b8508276","size":308556,"tags":[],"usage":{"last_update_time":1625908256949,"last_updated_at":"2021-07-10T09:10:56Z"}},"entity":{"data_asset":{"mime_type":"text/csv","dataset":false}},"attachments":[{"id":"55047378-f786-4761-9594-b17d12884a54","version":2,"asset_type":"data_asset","name":"patientdataV6.csv","mime":"text/csv","datasource_type":"193a97c1-4475-4a19-b90c-295c4fdc6517","object_key":"patientdataV6.csv","creator_id":"IBMid-6630026S2R","create_time":1625908256948,"size":308556,"is_remote":false,"is_managed":false,"is_referenced":true,"is_object_key_read_only":true,"is_user_provided_path_key":true,"transfer_complete":true,"is_partitioned":false,"complete_time_ticks":1625908256948,"user_data":{},"test_doc":0,"handle":{"bucket":"heartfailurepredictor-donotdelete-pr-bxkkbtljynmfxj","location":"us-geo","key":"patientdataV6.csv","upload_id":"done","max_part_num":1},"usage":{"access_count":0,"last_accessor_id":"IBMid-6630026S2R","last_access_time":1625908256948}}]}
