{"metadata":{"asset_id":"a07f71d6-2dfe-4326-be73-1c4d6e14e786","asset_attributes":["notebook"],"name":"Heart-Failure-Predictor - experiment notebook","asset_type":"notebook","created_at":"2021-07-10T09:30:37Z","description":"","origin_country":"us","owner_id":"IBMid-6630026S2R","project_id":"00dace7a-bf0c-420d-b18a-5b03b8508276","size":26152,"tags":[],"usage":{"last_update_time":1625909441924,"last_updated_at":"2021-07-10T09:30:41Z"}},"entity":{"notebook":{"kernel":{"display_name":"Python 3.7","name":"python3","language":"python"},"originates_from":{"type":"blank"},"runtime":{"environment":"conda4py37-00dace7a-bf0c-420d-b18a-5b03b8508276"}}},"attachments":[{"id":"d287a63a-fba3-40c2-aefc-843c62fcfef5","version":2,"asset_type":"notebook","name":"Heart-Failure-Predictor - experiment notebook","datasource_type":"193a97c1-4475-4a19-b90c-295c4fdc6517","creator_id":"IBMid-6630026S2R","create_time":1625909440121,"size":26152,"is_remote":false,"is_managed":true,"is_referenced":false,"is_object_key_read_only":false,"is_user_provided_path_key":false,"transfer_complete":true,"is_partitioned":false,"complete_time_ticks":1625909441923,"user_data":{},"test_doc":0,"handle":{"bucket":"heartfailurepredictor-donotdelete-pr-bxkkbtljynmfxj","location":"us-geo","type":"bluemix_cos","key":"7755fd0a-6b3a-44ce-9bfe-352e0aceae5d/a07f71d6-2dfe-4326-be73-1c4d6e14e786/d287a63a-fba3-40c2-aefc-843c62fcfef5","upload_id":"done","max_part_num":1},"usage":{"access_count":0,"last_accessor_id":"IBMid-6630026S2R","last_access_time":1625909440121}}]}
