{"metadata":{"asset_id":"e9e1d883-4dfc-4891-b309-42ed8f701087","asset_attributes":["wml_model"],"name":"Heart-Failure-Predictor - P16 Snap Decision Tree Classifier","asset_type":"wml_model","created_at":"2021-07-10T09:33:03Z","description":"A Machine Model to Predict Heart Failure","origin_country":"us","owner_id":"IBMid-6630026S2R","project_id":"00dace7a-bf0c-420d-b18a-5b03b8508276","sandbox_id":"00dace7a-bf0c-420d-b18a-5b03b8508276","size":9739,"tags":[],"usage":{"last_update_time":1625909591499,"last_updated_at":"2021-07-10T09:33:11Z"}},"entity":{"wml_model":{"hybrid_pipeline_software_specs":[{"base_id":"a545cca3-02df-5c61-9e88-998b09dc79af","name":"autoai-kb_3.3-py3.7"}],"label_column":"HEARTFAILURE","pipeline":{"id":"5612c8d4-3d03-42b7-bf96-05fa17900a25"},"ml_version":"4.0.9","type":"wml-hybrid_0.1","schemas":{"input":[{"fields":[{"name":"AVGHEARTBEATSPERMIN","type":"integer"},{"name":"PALPITATIONSPERDAY","type":"integer"},{"name":"CHOLESTEROL","type":"integer"},{"name":"BMI","type":"integer"},{"name":"AGE","type":"integer"},{"name":"SEX","type":"other"},{"name":"FAMILYHISTORY","type":"other"},{"name":"SMOKERLAST5YRS","type":"other"},{"name":"EXERCISEMINPERWEEK","type":"integer"}],"id":"auto_ai_kb_input_schema"}],"output":[]},"content_location":{"connection":{"access_key_id":"09e6d9800501486094aea24c3536ce0b","endpoint_url":"https://s3.us.cloud-object-storage.appdomain.cloud","secret_access_key":"3cd4a2dacb8626ec6ebc8a5ed3d378a85f339492a64b241a","accessKeyId":"09e6d9800501486094aea24c3536ce0b"},"contents":[{"content_format":"pipeline-node","file_name":"P16_automl.zip","location":"auto_ml/bb5cde7c-d650-48fe-9d3f-a271e3c4bb9a/wml_data/211f433f-a920-45f1-99f2-dd2b7aa4adcc/assets/211f433f-a920-45f1-99f2-dd2b7aa4adcc_P16_hpo_c_output/resources/wml_model/P16_automl.zip","pipeline_node_id":"automl"},{"content_format":"native","file_name":"pipeline_model.json","location":"auto_ml/bb5cde7c-d650-48fe-9d3f-a271e3c4bb9a/wml_data/211f433f-a920-45f1-99f2-dd2b7aa4adcc/assets/211f433f-a920-45f1-99f2-dd2b7aa4adcc_P16_hpo_c_output/resources/wml_model/pipeline_model.json"}],"location":{"path":"auto_ml/bb5cde7c-d650-48fe-9d3f-a271e3c4bb9a/wml_data","notebooks_path":"auto_ml/bb5cde7c-d650-48fe-9d3f-a271e3c4bb9a/wml_data/211f433f-a920-45f1-99f2-dd2b7aa4adcc/notebooks","training":"auto_ml/bb5cde7c-d650-48fe-9d3f-a271e3c4bb9a/wml_data/211f433f-a920-45f1-99f2-dd2b7aa4adcc","training_status":"auto_ml/bb5cde7c-d650-48fe-9d3f-a271e3c4bb9a/wml_data/211f433f-a920-45f1-99f2-dd2b7aa4adcc/training-status.json","bucket":"heartfailurepredictor-donotdelete-pr-bxkkbtljynmfxj","type":"s3","assets_path":"auto_ml/bb5cde7c-d650-48fe-9d3f-a271e3c4bb9a/wml_data/211f433f-a920-45f1-99f2-dd2b7aa4adcc/assets"},"type":"s3"},"training_data_references":[{"connection":{"endpoint_url":"https://s3.us.cloud-object-storage.appdomain.cloud","auth_endpoint":"https://iam.bluemix.net/oidc/token/","api_key":"--bnM-PS3POkEw71iavtHrt_9vi646q7YNqcIA_6dDro","secret_access_key":"3cd4a2dacb8626ec6ebc8a5ed3d378a85f339492a64b241a","access_key_id":"09e6d9800501486094aea24c3536ce0b","service_instance_id":"iam-ServiceId-55e1ce02-060d-40f3-a705-679380f6fde8"},"location":{"bucket":"heartfailurepredictor-donotdelete-pr-bxkkbtljynmfxj","path":"patientdataV6.csv","type":"s3"},"schema":{"fields":[{"name":"AVGHEARTBEATSPERMIN","type":"integer"},{"name":"PALPITATIONSPERDAY","type":"integer"},{"name":"CHOLESTEROL","type":"integer"},{"name":"BMI","type":"integer"},{"name":"AGE","type":"integer"},{"name":"SEX","type":"other"},{"name":"FAMILYHISTORY","type":"other"},{"name":"SMOKERLAST5YRS","type":"other"},{"name":"EXERCISEMINPERWEEK","type":"integer"},{"name":"HEARTFAILURE","type":"other"}],"id":"auto_ai_kb_input_schema"},"type":"s3"}],"software_spec":{"base_id":"8c1a58c6-62b5-4dc4-987a-df751c2756b6","name":"hybrid_0.1"},"content_import_state":"completed"}},"attachments":[{"id":"5546e33c-e344-43ae-85c1-a01d4bc64ea8","version":2,"asset_type":"wml_model","name":"P16_automl.zip","datasource_type":"193a97c1-4475-4a19-b90c-295c4fdc6517","creator_id":"IBMid-6630026S2R","create_time":1625909584167,"size":8151,"is_remote":false,"is_managed":true,"is_referenced":false,"is_object_key_read_only":false,"is_user_provided_path_key":false,"transfer_complete":true,"is_partitioned":false,"complete_time_ticks":1625909585876,"user_data":{"content_format":"pipeline-node","pipeline_node_id":"automl"},"test_doc":0,"handle":{"bucket":"heartfailurepredictor-donotdelete-pr-bxkkbtljynmfxj","location":"us-geo","type":"bluemix_cos","key":"7755fd0a-6b3a-44ce-9bfe-352e0aceae5d/e9e1d883-4dfc-4891-b309-42ed8f701087/5546e33c-e344-43ae-85c1-a01d4bc64ea8","upload_id":"done","max_part_num":1},"usage":{"access_count":0,"last_accessor_id":"IBMid-6630026S2R","last_access_time":1625909584167}},{"id":"bff4d5c8-1f9f-48d9-be35-8e2161197de5","version":2,"asset_type":"wml_model","name":"pipeline_model.json","datasource_type":"193a97c1-4475-4a19-b90c-295c4fdc6517","creator_id":"IBMid-6630026S2R","create_time":1625909589781,"size":1588,"is_remote":false,"is_managed":true,"is_referenced":false,"is_object_key_read_only":false,"is_user_provided_path_key":false,"transfer_complete":true,"is_partitioned":false,"complete_time_ticks":1625909591356,"user_data":{"content_format":"native"},"test_doc":0,"handle":{"bucket":"heartfailurepredictor-donotdelete-pr-bxkkbtljynmfxj","location":"us-geo","type":"bluemix_cos","key":"7755fd0a-6b3a-44ce-9bfe-352e0aceae5d/e9e1d883-4dfc-4891-b309-42ed8f701087/bff4d5c8-1f9f-48d9-be35-8e2161197de5","upload_id":"done","max_part_num":1},"usage":{"access_count":0,"last_accessor_id":"IBMid-6630026S2R","last_access_time":1625909589781}}]}
