{"metadata":{"asset_id":"5612c8d4-3d03-42b7-bf96-05fa17900a25","asset_attributes":["wml_pipeline"],"name":"Heart-Failure-Predictor","asset_type":"wml_pipeline","created_at":"2021-07-10T09:19:51Z","description":"An Auto-Ai Experiment to Predict Heart Failure","origin_country":"us","owner_id":"IBMid-6630026S2R","project_id":"00dace7a-bf0c-420d-b18a-5b03b8508276","sandbox_id":"00dace7a-bf0c-420d-b18a-5b03b8508276","size":0,"tags":["dsx-project.00dace7a-bf0c-420d-b18a-5b03b8508276"],"usage":{"last_update_time":1625908791753,"last_updated_at":"2021-07-10T09:19:51Z"}},"entity":{"wml_pipeline":{"document":{"doc_type":"pipeline","pipelines":[{"id":"autoai","nodes":[{"id":"automl","op":"kube","parameters":{"output_logs":true,"input_file_separator":",","stage_flag":true,"optimization":{"compute_pipeline_notebooks_flag":true,"daub_adaptive_subsampling_max_mem_usage":15000000000,"holdout_param":0.1,"label":"HEARTFAILURE","learning_type":"classification","max_num_daub_ensembles":4,"positive_label":"Y","run_cognito_flag":true,"scorer_for_ranking":"accuracy"},"n_parallel_data_connections":15,"one_vs_all_file":true},"runtime_ref":"autoai","type":"execution_node"}],"runtime_ref":"hybrid"}],"primary_pipeline":"autoai","runtimes":[{"app_data":{"wml_data":{"hardware_spec":{"base_id":"a6c4923b-b8e4-444c-9f43-8a7ec3020110","name":"L"}}},"id":"autoai","name":"auto_ai.kb"}],"version":"2.0"},"ml_version":"4.0.0"}}}
